Channel,Time,Program
Rai 1,18:45,L'EreditÃ
Rai 1,20:00,Tg1
Rai 1,20:30,Cinque Minuti
Rai 1,20:35,Affari tuoi
Rai 1,21:30,DOC (Serie Tv)
Rai 1,22:20,"DOC (Serie Tv) St 1  Ep 2  - Dai, riprovaci"
Rai 1,23:15,Porta a porta
Rai 1,23:55,Tg1
Rai 2,18:00,Tg2
Rai 2,18:20,Referendum 2025
Rai 2,18:50,Tg Sport TG Sport Sera
Rai 2,19:00,Blue Bloods St 10  Ep 2  - La lista nera
Rai 2,19:45,Blue Bloods St 10  Ep 3  - Fratelli e sorelle
Rai 2,20:30,Tg2
Rai 2,21:00,TG2 Post
Rai 2,21:20,Belve
Rai 3,19:00,Tg3
Rai 3,19:30,Tg Regione
Rai 3,19:51,Tg Regione
Rai 3,20:00,Blob
Rai 3,20:20,Faccende complicate
Rai 3,20:40,Il cavallo e la torre
Rai 3,20:50,Un posto al sole
Rai 3,21:20,Che ci faccio qui
Rai 4,18:20,Hawaii Five-0
Rai 4,19:05,Senza traccia St 4  Ep 9
Rai 4,19:49,Senza traccia St 4  Ep 10
Rai 4,20:34,Criminal Minds St 13  Ep 14
Rai 4,21:20,The Equalizer 2 - Senza perdono
Rai 4,23:23,Wonderland
Rai 4,23:57,Intemperie
Rai 4,01:44,Appuntamento al cinema
Canale 5,18:45,CADUTA LIBERA
Canale 5,19:42,TG5 - ANTICIPAZIONE
Canale 5,19:43,CADUTA LIBERA
Canale 5,19:57,TG5 PRIMA PAGINA
Canale 5,20:00,TG5
Canale 5,20:38,METEO.IT
Canale 5,20:40,STRISCIA LA NOTIZIA - LA VOCE DELLA COMPLOTTENZA
Canale 5,21:21,RIASSUNTO - MARIA CORLEONE 2
Italia 1,18:13,L'ISOLA DEI FAMOSI
Italia 1,18:22,STUDIO APERTO LIVE
Italia 1,18:25,METEO.IT
Italia 1,18:30,STUDIO APERTO
Italia 1,18:57,STUDIO APERTO MAG
Italia 1,19:28,C.S.I. MIAMI - IL GIURAMENTO
Italia 1,20:28,NCIS - UNITA' ANTICRIMINE - SASSI DALLA LUNA
Italia 1,21:16,LE IENE
Canale 20 Mediaset,18:18,THE FLASH - LA PROSSIMA VOLTA IL FUOCO
Canale 20 Mediaset,19:14,PERSON OF INTEREST - CALCOLO DELLA MORTALITA'
Canale 20 Mediaset,20:12,THE BIG BANG THEORY - IL FATTORE MANDARINO
Canale 20 Mediaset,20:37,THE BIG BANG THEORY - IL PARADIGMA DEL PESCE GUASTO
Canale 20 Mediaset,21:12,SPIDER-MAN 2 - 1 PARTE
Canale 20 Mediaset,22:32,TGCOM24 BREAKING NEWS
Canale 20 Mediaset,22:41,METEO.IT
Canale 20 Mediaset,22:42,SPIDER-MAN 2 - 2 PARTE
Rete 4,18:58,TG4 - TELEGIORNALE
Rete 4,19:35,METEO.IT
Rete 4,19:39,LA PROMESSA III - 427 - PARTE 1 - 1aTV
Rete 4,20:30,4 DI SERA
Rete 4,21:25,E' SEMPRE CARTABIANCA
Rete 4,00:50,DALLA PARTE DEGLI ANIMALI
Rete 4,02:27,TG4 - ULTIMA ORA NOTTE
Rete 4,02:47,MORTACCI
Warner TV,18:45,Supernatural - Stagione 11 Episodio 22
Warner TV,19:40,Supernatural - Stagione 11 Episodio 23
Warner TV,20:35,Supernatural - Stagione 12 Episodio 1 - Resta calmo e va avanti
Warner TV,21:30,E.R. - Medici in prima linea - Stagione 1 Episodio 44
Warner TV,00:45,E.R. - Medici in prima linea - Stagione 1 Episodio 45
Warner TV,04:00,Supernatural - Stagione 11 Episodio 15
Warner TV,04:50,Supernatural - Stagione 11 Episodio 16
Warner TV,05:35,America: vero o falso? - Stagione 3 Episodio 7
Rai Movie,19:25,Resurrected
Rai Movie,21:10,Boris Becker nascita di un campione
Rai Movie,23:00,Machine Gun Preacher
Rai Movie,01:20,Appuntamento al cinema
Rai Movie,01:25,Raid - Una poliziotta fuori di testa
Rai Movie,03:05,Occhi di cristallo
Rai Movie,05:00,Cleopatra
Cine 34,18:54,A CENA CON - BOMBER - 1 PARTE
Cine 34,19:46,TGCOM24 BREAKING NEWS
Cine 34,19:56,METEO.IT
Cine 34,19:57,A CENA CON - BOMBER - 2 PARTE
Cine 34,21:00,MEDITERRANEO - 1 PARTE
Cine 34,22:05,TGCOM24 BREAKING NEWS
Cine 34,22:13,METEO.IT
Cine 34,22:15,MEDITERRANEO - 2 PARTE
TWENTYSEVEN,18:24,LA CASA NELLA PRATERIA - I RICORDI DEL NONNO
TWENTYSEVEN,19:28,MONK - IL SIGNOR MONK E I NUDISTI
TWENTYSEVEN,20:24,MONK - IL SIGNOR MONK E LA FIDANZATA DEL CAPITANO
TWENTYSEVEN,21:18,ASSASSINIO SUL NILO - 1 PARTE
TWENTYSEVEN,22:27,TGCOM24 BREAKING NEWS - 20/05/2025
TWENTYSEVEN,22:35,METEO.IT - 20/05/2025
TWENTYSEVEN,22:36,ASSASSINIO SUL NILO - 2 PARTE
TWENTYSEVEN,00:02,BUGIARDO BUGIARDO - 1 PARTE
Iris,19:11,KOJAK - CACCIA AL TRADITORE
Iris,20:12,WALKER TEXAS RANGER - TERRITORIO DI CONQUISTA
Iris,21:15,GLI SPIETATI
Iris,23:56,DUE STELLE NELLA POLVERE
Iris,02:05,FENOMENI PARANORMALI INCONTROLLABILI
Iris,03:55,CIAK NEWS
Iris,03:57,FILO DA TORCERE
Iris,05:47,FINCHE' C'E' DITTA C'E' SPERANZA - 4
TV8,19:00,Alessandro Borghese 4 Ristoranti - Stagione 5 Episodio 2 - Delta del Po
TV8,20:15,Foodish Anteprima - Prima TV
TV8,20:20,Foodish - Stagione 1 Episodio 24 - Prima TV
TV8,21:30,Casino Royale
TV8,00:30,L'uomo sul treno
TV8,02:30,Blacklight
TV8,04:20,Coppie che uccidono - Stagione 14 Episodio 1 - Patrick Frazee e Krystal Kenney
TV8,05:10,Lady Killer - Stagione 22 Episodio 23 - Denise Davidson
Italia 2,18:10,ONE PIECE - RUBBER VS JINBEI
Italia 2,18:39,ONE PIECE - IL CAMBIAMENTO
Italia 2,19:09,BOB HEARTS ABISHOLA - UN CUORE FRAGILE
Italia 2,19:34,BOB HEARTS ABISHOLA - I NIGERIANI NON FANNO COSE INUTILI
Italia 2,20:00,DUE UOMINI E 1/2 - NON ESISTE IL NATALE PERFETTO
Italia 2,20:26,DUE UOMINI E 1/2 - RABBIA DA STEROIDI
Italia 2,20:58,DUE UOMINI E 1/2 - COGLI LA ROSA!
Italia 2,21:25,THE BIG BANG THEORY - L'INSUFFICIENZA DA HOFSTADTER
La 5,20:10,UOMINI E DONNE
La 5,21:37,SAM & KATE - 1 PARTE - 1aTV
La 5,22:43,TGCOM24 BREAKING NEWS
La 5,22:50,METEO.IT
La 5,22:51,SAM & KATE - 2 PARTE - 1aTV
La 5,23:50,LA SCELTA - THE CHOICE - 1 PARTE
La 5,01:02,TGCOM24 BREAKING NEWS
La 5,01:06,METEO.IT
NOVE,19:20,Cash or Trash - Chi offre di piÃ¹? - Stagione 4 Episodio 7
NOVE,20:30,Don't Forget the Lyrics - Stai sul pezzo - 1^TV - Stagione 7 Episodio 50
NOVE,21:30,Angeli e demoni - Film/Thriller
NOVE,00:15,Like A Star - Stagione 1 Episodio 1
NOVE,03:10,Nudi e crudi XL - Stagione 4 Episodio 2 - Sopravvivere agli squali
NOVE,04:05,Nudi e crudi XL - Stagione 4 Episodio 3 - Luci in mare
NOVE,05:00,Alta infedeltÃ  - Stagione 4 Episodio 31 - Pazzi di lei
NOVE,05:30,Alta infedeltÃ  - Stagione 4 Episodio 32 - Il nuovo marito di mamma
Cielo,19:00,Cucine da incubo - Stagione 3 Episodio 3 - La Fontanina
Cielo,20:00,Affari al buio - Stagione 1 Episodio 12 - Asta reale
Cielo,20:30,Affari di famiglia - Stagione 20 Episodio 17 - Charlie Brown originale?
Cielo,21:20,Il Trono di Spade - Stagione 3 Episodio 7 - L'orso e la fanciulla bionda
Cielo,22:25,Il Trono di Spade - Stagione 3 Episodio 8 - I secondi figli
Cielo,23:30,Triangle of Sadness
Cielo,02:10,Easy Love
Cielo,04:00,Vulva 3.0: questione di labbra
La7,18:30,Famiglie dâItalia
La7,20:00,TG LA7
La7,20:35,Otto e Mezzo
La7,21:15,DiMartedÃ¬
La7,01:00,TG LA7 Notte
La7,01:10,Otto e Mezzo (r)
La7,01:55,Camera con Vista
La7,02:15,La Torre di Babele doc
La7 D,18:30,TG LA7d
La7 D,18:35,Boston legal
La7 D,20:15,How I met your mother
La7 D,21:15,"Josephine, Ange Gardien"
La7 D,23:05,"Josephine, Ange Gardien"
La7 D,00:55,This is us
La7 D,03:20,LA7 - I Segreti della Corona
La7 D,04:20,I menÃ¹ di Benedetta
Food Network,18:00,In cucina con Luca Pappagallo - Estate - Stagione 1 Episodio 1 - Il mare d'estate
Food Network,18:50,In cucina con Luca Pappagallo - Estate - Stagione 1 Episodio 11 - Una cena a Napoli
Food Network,19:35,In cucina con Luca Pappagallo - Estate - Stagione 1 Episodio 7 - Insalate
Food Network,20:15,In cucina con Luca Pappagallo - Estate - Stagione 1 Episodio 9 - Melanzane che bontÃ
Food Network,20:50,In cucina con Luca Pappagallo - Estate - Stagione 1 Episodio 12 - Estate spagnola
Food Network,21:25,In cucina con Luca Pappagallo - Estate - Stagione 2 Episodio 1 - Ricette a base di pesce
Food Network,22:00,Scarpetta d'Italia - 1^TV - Stagione 4 Episodio 6 - Perugia
Food Network,23:00,Scarpetta d'Italia - Stagione 4 Episodio 5 - Napoli
TOP CRIME,18:19,MAJOR CRIMES - LA CITTA' SANTUARIO - V PARTE
TOP CRIME,19:17,THE CLOSER - BUONA FEDE
TOP CRIME,20:18,THE CLOSER - NEL BAGAGLIAIO
TOP CRIME,21:17,CHICAGO P.D. - LINEA DI GALLEGGIAMENTO
TOP CRIME,22:08,CHICAGO P.D. - INVENTARIO
TOP CRIME,23:01,CHICAGO P.D. - ANCORA DI PIU'
TOP CRIME,23:59,C.S.I. MIAMI - A COLPI D'ASCIA
TOP CRIME,00:53,C.S.I. MIAMI - DISONORE
GIALLO TV,19:10,L'ispettore Barnaby - Stagione 8 Episodio 8 - Midsomer Rhapsody
GIALLO TV,21:10,Le indagini di Roy Grace - 1^TV - Stagione 4 Episodio 3 - Tu sei morta
GIALLO TV,23:10,Vera - Stagione 14 Episodio 1
GIALLO TV,01:10,I misteri di Murdoch - Stagione 8 Episodio 17 - Il giorno delle elezioni
GIALLO TV,02:10,I misteri di Murdoch - Stagione 8 Episodio 18 - Il furbo detective
GIALLO TV,03:10,Torbidi delitti - Stagione 3 Episodio 3 - Un salto nel buio
GIALLO TV,04:10,"Torbidi delitti - Stagione 3 Episodio 4 - VenerdÃ¬ Santo, venerdÃ¬ di morte"
GIALLO TV,05:05,Torbidi delitti - Stagione 4 Episodio 2 - Il canale
Rai Premium,18:25,Don Matteo St 10  Ep 18  - Le due madri
Rai Premium,19:25,Il restauratore St 2  Ep 11  - Il vampiro
Rai Premium,20:25,Il restauratore St 2  Ep 12  - Alle corde
Rai Premium,21:20,Il commissario Dupin St 1  Ep 12  - Gloria bretone
Rai Premium,22:55,Master Crimes St 1  Ep 3  - Sarai un uomo
Rai Premium,23:50,Master Crimes St 1  Ep 4  - Sotto pressione
Rai Premium,00:45,Storie italiane
Rai Premium,02:50,Un ciclone in convento St 10  Ep 2  - Bambini prodigio
Mediaset Extra,21:24,"L'ISOLA DEI FAMOSI - EXTENDED EDITION - L'ISOLA DEI FAMOSI - EXTENDED EDITION, 9"
Mediaset Extra,01:09,TGCOM24 BREAKING NEWS - 20/05/2025
Mediaset Extra,01:16,MOVIE TRAILER
Mediaset Extra,01:18,"L'ISOLA DEI FAMOSI - EXTENDED EDITION - L'ISOLA DEI FAMOSI - EXTENDED EDITION, 9"
Mediaset Extra,04:23,"L'ISOLA DEI FAMOSI - EXTENDED EDITION - L'ISOLA DEI FAMOSI - EXTENDED EDITION, 8"
HGTV - HOME GARDEN TV,18:10,"Casa su misura - Stagione 2 Episodio 10 - Attratti dalla vita di campagna, coppia cerca casa in Texas"
HGTV - HOME GARDEN TV,19:05,Casa su misura - Stagione 2 Episodio 11 - Coppia con bimbo in arrivo cerca casa moderna
HGTV - HOME GARDEN TV,20:00,"Casa su misura - Stagione 2 Episodio 12 - Tre generazioni, una casa su misura"
HGTV - HOME GARDEN TV,21:00,Che affare! Con Tarek e Heather - Stagione 1 Episodio 5 - Orrori
HGTV - HOME GARDEN TV,22:00,Che affare! Con Tarek e Heather - 1^TV - Stagione 1 Episodio 7 - Grandi modifiche
HGTV - HOME GARDEN TV,23:00,Che affare! Con Tarek e Heather - Stagione 1 Episodio 6 - Stile familiare
HGTV - HOME GARDEN TV,00:00,Chi cerca trova - Stagione 12 Episodio 8 - Olanda
HGTV - HOME GARDEN TV,00:55,Chi cerca trova - Stagione 12 Episodio 9
TV2000,18:04,Rosario In Diretta Da Lourdes
TV2000,18:32,Tg2000
TV2000,19:08,Santa Messa
TV2000,19:40,In cammino
TV2000,20:12,Santo Rosario da Cascia
TV2000,20:51,Tg2000
TV2000,21:16,Il gesuita
TV2000,23:05,Sulle ali delle aquile
Donna TV,18:00,Pillole Di Sapori
Donna TV,18:30,Tormento D'Amore
Donna TV,19:00,Tormento D'Amore
Donna TV,19:30,Emozioni dal Mondo
Donna TV,20:00,Top Model
Donna TV,21:00,Cold Squad
Donna TV,22:00,Italia Avventura
Donna TV,22:30,Luisana Mia
ALMA TV,19:00,L'Argonauta
ALMA TV,19:30,Atlante
ALMA TV,20:00,L'Italia In Tour
ALMA TV,20:30,In Gran Forma Con Rosanna Lambertucci
ALMA TV,21:00,Cucino Per Te
ALMA TV,21:30,Mangiare Con Gusto
ALMA TV,22:00,Frittanza Altro Fritto Altra Corsa
ALMA TV,22:30,I Sapori Del Sole
TRAVEL TV,18:00,Andata e Ritorno
TRAVEL TV,18:30,Tesori e Meraviglie
TRAVEL TV,19:00,Meraviglie della Natura
TRAVEL TV,20:00,Uno Sguardo Dal Cielo
TRAVEL TV,21:00,Viaggio in Italia
TRAVEL TV,21:30,Cities Of The World
TRAVEL TV,22:00,Weekend
TRAVEL TV,22:30,K Around The World
Italia 7 Gold,18:00,MIMMO PESCE SHOW
Italia 7 Gold,19:00,SUPERMERCATO
Italia 7 Gold,19:30,TG7
Italia 7 Gold,20:00,CASALOTTO
Italia 7 Gold,20:30,DIRETTA STADIO
Italia 7 Gold,23:30,CALCISSIMO
Italia 7 Gold,01:00,PROGRAMMAZIONE NOTTURNA
TeleReporter,19:00,Mezzâora Per Voi â Yoga
TeleReporter,19:24,Mezzâora Per Voi â Pilates
TeleReporter,19:49,Mezzâora Per Voi â Tonificazione
TeleReporter,20:15,Passatempo
TeleReporter,20:30,Zerovero
TeleReporter,21:15,Il Rompiscatole â Home Ed.
TeleReporter,21:30,Lo Specchio
TeleReporter,22:00,Storie
TeleCampione Svizzera Italiana,18:00,Mezzâora Per Voi â Pilates
TeleCampione Svizzera Italiana,18:30,Mezzâora Per Voi â Tonificazione
TeleCampione Svizzera Italiana,19:00,La Vetrina DellâAuto
TeleCampione Svizzera Italiana,20:00,Zerovero
TeleCampione Svizzera Italiana,20:45,Il Rompiscatole â Home Ed.
TeleCampione Svizzera Italiana,21:00,Il Gioco Del Mondo
TeleCampione Svizzera Italiana,21:30,Next To The Truckers
TeleCampione Svizzera Italiana,22:00,I Sognatori
La1,18:00,Telegiornale flash Le notizie della giornata
La1,18:10,Zerovero Conduce Daiana Crivelli
La1,19:00,Il Quotidiano AttualitÃ  della Svizzera italiana
La1,19:40,Doppia scelta Conduce Carla Norghauer
La1,19:55,Meteo regionale I colori del tempo
La1,20:00,Telegiornale Le notizie di prima serata
La1,20:35,Meteo Tutti i colori del tempo
La1,20:40,FalÃ²
La2,18:40,Il prima e dopo sport Immagini sportive
La2,19:10,"Hudson & Rex - Amore criminale Stagione 4, episodio 7"
La2,20:00,Telesguard
La2,20:15,Hockey su ghiaccio: Mondiali 2025 - Svezia - Canada Da Stoccolma (SWE)
La2,22:45,Play Suisse - Videogiocatori nati
La2,23:45,"Blue Bloods - Nessuna intromissione Stagione 12, episodio 19"
La2,00:30,"Blue Bloods - I tre Reagan Stagione 12, episodio 20"
La2,01:10,Telesguard
Rai Sport +HD,18:00,Biliardo
Rai Sport +HD,20:30,Orienteering
Rai Sport +HD,21:00,Pallanuoto
Rai Sport +HD,22:00,Giro d'Italia Ciclismo. TGiro
Rai Sport +HD,23:30,Tg Sport Speciale TG Sport
Rai Sport +HD,23:45,Tg Sport TG Sport Notte
Rai Sport +HD,00:00,Giro d'Italia
Rai Sport +HD,01:00,Biliardo
SuperTennis,19:15,Supertennis TG
SuperTennis,19:30,WTA 250 Rabat (differita)
SuperTennis,21:00,WTA 500 Strasburgo (replica)
SuperTennis,22:45,Tennis Parade
SuperTennis,23:00,WTA 250 Rabat (replica)
SuperTennis,00:45,Cronache Italiane
SuperTennis,01:00,WTA 500 Strasburgo (replica)
SuperTennis,03:00,WTA 250 Rabat (replica)
Euro Sport,18:45,World Series Trail Running - Stagione 2025 - Il Golfo dell'Isola
Euro Sport,20:00,Tennis - The Kings Palace
Euro Sport,21:00,Motori - Speedway Grand Prix - Stagione 2025 - Varsavia
Euro Sport,22:00,Motori - Formula E FIA Championship - Stagione 2024 - Tokyo
Euro Sport,23:00,"Ciclismo - 108esimo Giro d'Italia - Stagione 2025 - 10a tappa. Cronometro - Lucca - Pisa (28,6 km)"
Euro Sport,00:00,Coppa del Mondo - Stagione 2025 - Keqiao. Finale Boulder M
Euro Sport,01:30,"Ciclismo - 108esimo Giro d'Italia - Stagione 2025 - 10a tappa. Cronometro - Lucca - Pisa (28,6 km)"
SportItalia,19:00,Calcio Today (diretta)
SportItalia,21:00,Calcio Tonight (diretta)
SportItalia,23:00,Sportitaliamercato (diretta)
SportItalia,00:00,Si Live 24 (diretta)
SportItalia,00:30,Sportitaliamercato
SportItalia,01:30,Campionato Argentino River Plate-Platense (diretta)
SportItalia,03:30,Si Live 24
SportItalia,04:00,Si Live 24
Rai Gulp,18:05,Idefix e gli Irriducibili
Rai Gulp,18:20,Klincus St 1  Ep 17  - Ricognizione
Rai Gulp,18:45,Meteo Spazio
Rai Gulp,18:55,La banda della natura St 1  Ep 24  - La guerra dei calabroni
Rai Gulp,19:10,Anatane e i ragazzi di Okura St 1  Ep 19  - Una vecchia conoscenza
Rai Gulp,19:35,Vita da giungla alla riscossa! St 2  Ep 45  - Risate nella giungla
Rai Gulp,19:45,Vita da giungla alla riscossa!
Rai Gulp,20:00,Kung Fu Panda - Le zampe del destino
Rai YoYo,18:05,Hello Yoyo St 3  Ep 17  - What a journey!
Rai YoYo,18:30,Spidey e i suoi fantastici amici
Rai YoYo,18:55,Peppa Pig St 9  Ep 14  - L'hula hoop
Rai YoYo,19:00,Peppa Pig St 9  Ep 15  - Al parco
Rai YoYo,19:05,Peppa Pig St 9  Ep 16  - La barca di salvataggio
Rai YoYo,19:10,Peppa Pig St 9  Ep 17  - Riffa di beneficenza
Rai YoYo,19:15,La famiglia Volpitassi St 2  Ep 49  - La Principessa Berry
Rai YoYo,19:25,La famiglia Volpitassi St 2  Ep 50  - La mappa del tesoro
Boing,18:30,Teen Titans Go!
Boing,18:50,Teen Titans Go!
Boing,19:30,Teen Titans Go!
Boing,19:50,Clarence
Boing,21:35,Doraemon
Boing,22:00,Doraemon
Boing,22:30,Captain Tsubasa
Boing,22:55,Dragon Ball Super
Cartoonito,18:05,Blaze e  le megamacchine
Cartoonito,18:35,Blaze e  le megamacchine
Cartoonito,19:00,Batwheels
Cartoonito,19:30,Batwheels - new eps
Cartoonito,19:50,Talking Tom Heros - Super Amici
Cartoonito,20:10,La casa delle Bambole di Gabby - new eps
Cartoonito,20:40,La casa delle Bambole di Gabby - new eps
Cartoonito,21:00,Chi ha sfidato Ninna e Matti?
Frisbee,18:05,Curioso come George - Stagione 11 Episodio 1
Frisbee,18:30,Curioso come George - Stagione 11 Episodio 2
Frisbee,18:55,Super Wings - Eroi elettrici - Stagione 8 Episodio 3
Frisbee,19:05,Super Wings - Eroi elettrici - Stagione 8 Episodio 4
Frisbee,19:25,Curioso come George - Stagione 11 Episodio 3
Frisbee,19:50,Curioso come George - Stagione 11 Episodio 4
Frisbee,20:15,Curioso come George - Stagione 11 Episodio 5
Frisbee,20:45,Curioso come George - Stagione 11 Episodio 6
K2,18:00,Il barbiere pasticciere - Stagione 4 Episodio 6
K2,18:15,Alvinnn!!! And the Chipmunks - Stagione 1 Episodio 23
K2,18:25,Alvinnn!!! And the Chipmunks - Stagione 1 Episodio 24
K2,18:40,Alvinnn!!! And the Chipmunks - Stagione 1 Episodio 25
K2,18:55,Alvinnn!!! And the Chipmunks - Stagione 1 Episodio 26
K2,19:05,Alvinnn!!! And the Chipmunks - Stagione 1 Episodio 27
K2,19:20,Il barbiere pasticciere - Stagione 2 Episodio 10
K2,19:45,Il barbiere pasticciere - Stagione 2 Episodio 13
DeaKids,18:00,"Isadora Moon - Stagione 1 Episodio 23 - Vola Isadora, vola!"
DeaKids,18:10,Isadora Moon - Stagione 1 Episodio 24 - L'erba di drago
DeaKids,18:25,Il Barbiere Pasticciere - Stagione 1 Episodio 37 - Pan Barbiere e Baguette. 1a parte
DeaKids,18:35,Il Barbiere Pasticciere - Stagione 1 Episodio 38 - Pan Barbiere e Baguette. 2a parte
DeaKids,18:45,Il Barbiere Pasticciere - Stagione 1 Episodio 39 - Pan Barbiere e Baguette. 3a parte
DeaKids,18:55,Il Barbiere Pasticciere - Stagione 1 Episodio 2 - Ciambellina capricciosa
DeaKids,19:05,Il Barbiere Pasticciere - Stagione 1 Episodio 3 - Un'acconciatura da urlo
DeaKids,19:15,Il Barbiere Pasticciere - Stagione 1 Episodio 4 - Cercasi assistente
Super,18:15,Lo Show di Patrick Stella
Super,18:40,Lo Show di Patrick Stella
Super,19:05,Lo Show di Patrick Stella
Super,19:30,A casa dei Loud
Super,20:00,A casa dei Loud
Super,20:25,A casa dei Loud
Super,20:50,Henry Danger
Super,21:15,Henry Danger
Rai 5,18:44,Rai5 Classic Ep 55
Rai 5,18:56,TGR Bell - Italia
Rai 5,19:26,RaiNews
Rai 5,19:29,Art Night - Puntata 4
Rai 5,19:33,Sui binari dell'Antico Egitto St 1  Ep 3  - Luxor
Rai 5,20:21,Overland
Rai 5,21:14,Figlia mia
Rai 5,22:49,Il potere delle idee St 2025  Ep 2  - Camilla Lackberg
Rai Storia,18:25,Ritorno al presente - Il ponte della Musica
Rai Storia,18:50,RaiNews Rai News Giorno
Rai Storia,18:55,La Guerra al tavolo della pace - La conferenza di Teheran
Rai Storia,20:10,Il giorno e la storia - 20 maggio 2025
Rai Storia,20:30,Passato e Presente
Rai Storia,21:10,Inferno nei mari - L'ira di Hitler
Rai Storia,22:00,14-18 Grande Guerra 100 anni dopo
Rai Storia,22:50,"Cortina nella Grande Guerra Ep 1  - Montagne amate, montagne armate"
Rai Scuola,18:00,Oggi Ã¨
Rai Scuola,18:30,Wild Italy
Rai Scuola,19:15,Maremma
Rai Scuola,20:00,La scienza segreta dei liquami
Rai Scuola,21:00,Racconti di Scienza
Rai Scuola,22:00,Doc Divulgativi
Rai Scuola,22:45,TGR Leonardo
Rai Scuola,23:00,Le grandi sfide alla natura
Motor Trend Italia,18:45,Reperti d'assalto - Stagione 5 Episodio 2 - Completamente scomposto
Motor Trend Italia,20:30,Reperti d'assalto - Stagione 5 Episodio 3
Motor Trend Italia,22:15,Ant Anstead: missione recupero - 1^TV - Stagione 1 Episodio 4 - Lotus Elan
Motor Trend Italia,23:10,Ant Anstead: missione recupero - Stagione 1 Episodio 3 - Jaguar XJS
Motor Trend Italia,00:05,Affari a quattro ruote - Stagione 14 Episodio 5 - Plymouth Barracuda
Motor Trend Italia,01:00,Affari a quattro ruote - Stagione 14 Episodio 6 - Ford Ranchero
Motor Trend Italia,01:50,I maghi del garage - Stagione 5 Episodio 1 - Fiat Dino
Motor Trend Italia,02:40,I maghi del garage - Stagione 5 Episodio 2
DMAX,18:30,Vado a vivere nel bosco - Stagione 2 Episodio 9 - Wisconsin
DMAX,19:30,Vado a vivere nel bosco - Stagione 5 Episodio 3 - S.O.S.
DMAX,21:25,Questo strano mondo con Marco Berry - Stagione 2 Episodio 5 - Don't Look Up
DMAX,22:20,Questo strano mondo con Marco Berry - Stagione 2 Episodio 6 - Gelatina
DMAX,23:15,WWE Smackdown - 1^TV
DMAX,01:15,KO! Botte da strada - Stagione 1 Episodio 1
DMAX,02:05,Quei cattivi vicini - Stagione 2 Episodio 9
DMAX,03:10,Colpo di fulmini - Stagione 8 Episodio 2
Focus TV,18:31,STRANGE EVIDENCE - LA MALEDIZIONE DEL TESORO MAYA
Focus TV,19:32,STRANGE EVIDENCE - IL BIGFOOT
Focus TV,20:28,"FUORI LE PROVE! - INDAGINI AI CONFINI DELLA REALTA' - FUORI LE PROVE! - INDAGINI AI CONFINI DELLA REALTA' II, 3"
Focus TV,20:59,FUORI LE PROVE! - INDAGINI AI CONFINI DELLA REALTA'
Focus TV,21:25,PRIMO INDIZIATO: LA TERRA! - GLI ULTIMI MAMMUT
Focus TV,22:13,PRIMO INDIZIATO: LA TERRA! - L'ESODO - MIRACOLO O SCIENZA?
Focus TV,23:09,INGEGNERIA DEGLI EPIC FAIL
Focus TV,00:15,"INGEGNERIA DEGLI EPIC FAIL - INGEGNERIA DEGLI EPIC FAIL II, 10"
RealTime,19:25,Casa a prima vista - Stagione 6 Episodio 10
RealTime,20:35,Casa a prima vista - Stagione 6 Episodio 12 - Prima TV
RealTime,21:30,Primo appuntamento crociera - Stagione 1 Episodio 5
RealTime,23:05,Dr. Pimple Popper: la dottoressa schiacciabrufoli - Stagione 3 Episodio 19 - Naso gigantesco
RealTime,00:00,Dr. Pimple Popper: la dottoressa schiacciabrufoli - Stagione 3 Episodio 20 - Santa Claus
RealTime,00:55,Dr. Pimple Popper: la dottoressa schiacciabrufoli - Stagione 2 Episodio 1 - Protuberanze
RealTime,01:45,Dr. Pimple Popper: la dottoressa schiacciabrufoli - Stagione 2 Episodio 2 - Bolle misteriose
RealTime,02:40,Dr. Pimple Popper: la dottoressa schiacciabrufoli - Stagione 2 Episodio 3 - La protuberanza
Discovery Channel,18:10,Deadliest Catch: Norvegia - Stagione 1 Episodio 4 - Sangue norvegese
Discovery Channel,19:05,Metal Detective - Stagione 4 Episodio 2 - Claustrofobia
Discovery Channel,20:00,Metal Detective - Stagione 4 Episodio 3 - Deja vu
Discovery Channel,21:00,Chi cerca trova - Stagione 18 Episodio 8 - Sopravvissuti
Discovery Channel,21:55,Chi cerca trova - Stagione 19 Episodio 4 - Sportello unico - Prima TV
Discovery Channel,22:45,Chi cerca trova - Stagione 19 Episodio 3 - Collezioni
Discovery Channel,23:40,Ce l'avevo quasi fatta - Stagione 1 Episodio 3 - Omicidi sbagliati
Discovery Channel,00:35,Ce l'avevo quasi fatta - Stagione 1 Episodio 4 - Principale sospettato
Sky Uno,18:55,Gialappa - Show - Stagione 5 Episodio 7
Sky Uno,21:15,Cucine da incubo - Stagione 11 Episodio 7
Sky Uno,22:30,Cucine da incubo - Stagione 11 Episodio 6
Sky Uno,23:40,Cucine da incubo - Stagione 11 Episodio 7
Sky Uno,00:50,Bruno Barbieri 4 Hotel - Stagione 3 Episodio 2 - Marche
Sky Uno,02:00,Quattro matrimoni - Stagione 4 Episodio 7
Sky Uno,02:50,Quattro matrimoni - Stagione 4 Episodio 8
Sky Uno,03:40,Home Restaurant - Stagione 2 Episodio 16
Sky Uno,18:10,Quattro matrimoni Ep. 9
Sky Uno,19:10,Italia's Got Talent Audizioni
Sky Uno,20:15,Cuochi d'Italia Ep. 4
Sky Uno,22:25,Pechino Express - La rotta dei sultani Ep. 6
Sky Uno,00:40,Bruno Barbieri - 4 Hotel Firenze
Sky Uno,01:50,Bruno Barbieri - 4 Hotel Langhe
Sky Uno,03:00,Quattro matrimoni Ep. 8
Sky Cinema 1,19:30,Thelma
Sky Cinema 1,21:15,The Equalizer 3 Senza tregua
Sky Cinema 1,23:05,A Mistake
Sky Cinema 1,00:50,Cattivissimo me 4
Sky Cinema 1,02:25,Una famiglia mostruosa
Sky Cinema 1,04:00,Finche' notte non ci separi
Sky Cinema 1,05:25,Appuntamento con l'amore
Sky Cinema 1,19:20,Old
Sky Cinema 1,23:15,Notre-Dame in fiamme
Sky Cinema 1,01:15,Zona 414
Sky Cinema 1,03:00,100X100Cinema
Sky Cinema 1,03:20,2012
SKY Cinema Family,19:15,Dragon Trainer 2
SKY Cinema Family,21:00,Dolcissime
SKY Cinema Family,22:30,Dolittle
SKY Cinema Family,00:10,Max Steel
SKY Cinema Family,01:40,Questo o quello Robert De Niro &... Episodio 243 - Questo O Quello - Robert De Niro & Al Pacino
SKY Cinema Family,01:50,Angry Birds Il film
SKY Cinema Family,03:25,Latte e la pietra magica
SKY Cinema Family,04:45,Cicogne in missione
SKY Cinema Family,19:25,Peter Rabbit 2 - Un birbante in fuga
SKY Cinema Family,22:25,La musica nel cuore - August Rush
SKY Cinema Family,00:20,Il richiamo della foresta
SKY Cinema Family,03:30,Paddington 2
SKY Cinema Family,05:15,Elfkins - Missione Best Bakery
Sky Cinema Romance,21:00,Una lunga domenica di passioni
Sky Cinema Romance,23:15,"Little Italy Pizza, amore e fantasia"
Sky Cinema Romance,01:00,Diamanti Intervista a Ozpetek Speciale
Sky Cinema Romance,01:20,Ritratto della giovane in fiamme
Sky Cinema Romance,03:25,Which Brings Me to You
Sky Cinema Romance,05:05,Mamma Mia!
Sky Cinema Romance,19:20,Resta con me
Sky Cinema Romance,23:50,Questione di tempo
Sky Cinema Romance,02:00,Scusa ma ti voglio sposare
Sky Cinema Romance,03:50,To Rome with Love
Sky Cinema Romance,05:45,Il velo dipinto
Sky Cinema Collection,19:05,Mission: Impossible 2
Sky Cinema Collection,21:15,Oblivion
Sky Cinema Collection,23:25,Barry Seal Una storia americana
Sky Cinema Collection,01:15,Questo o quello De Niro & Al Pacino Episodio 243 - De Niro & Al Pacino
Sky Cinema Collection,01:30,Eyes Wide Shut
Sky Cinema Collection,04:05,Jack Reacher La prova decisiva
Sky Cinema Collection,18:05,Police
Sky Cinema Collection,19:50,La prima vacanza non si scorda mai
Sky Cinema Collection,21:45,Notre-Dame in fiamme
Sky Cinema Collection,23:45,Un sapore di ruggine e ossa
Sky Cinema Collection,01:50,Profumo - Storia di un assassino
Sky Cinema Collection,04:20,Qualcosa di troppo
Sky Cinema Action,19:10,300 L'alba di un impero
Sky Cinema Action,21:00,Wanted Scegli il tuo destino
Sky Cinema Action,22:50,Transformers 4 L'era dell'estinzione
Sky Cinema Action,01:40,Star Trek II L'ira di Khan
Sky Cinema Action,03:30,Men in Black II
Sky Cinema Action,05:00,Three Kings
Sky Cinema Action,18:25,Transformers - La vendetta del caduto
Sky Cinema Action,23:50,La guerra dei mondi
Sky Cinema Action,01:50,Robin Hood principe dei ladri
Sky Cinema Action,04:15,Squadra 49
SKY TG24,18:00,TG24 mezz'ora - Sport - Meteo (live)
SKY TG24,18:30,Sky TG24 Economia (live)
SKY TG24,19:00,Il TG delle Diciannove - Sport - Meteo (live)
SKY TG24,20:00,TG24 mezz'ora - Sport - Meteo (live)
SKY TG24,20:30,TG24 mezz'ora - Sport - Meteo (live)
SKY TG24,21:00,Sky TG24 in 10 minuti (live)
SKY TG24,21:10,Documentario
SKY TG24,22:00,Documentario
SKY TG24,19:30,TG24 MONDO
SKY TG24,20:20,TRIBU'
SKY TG24,21:30,TG24 MEZZ'ORA
Fox,18:05,I Griffin Giochi di ruolo
Fox,18:30,I Simpson La pesca di Ned
Fox,18:55,I Simpson Homerland
Fox,19:20,I Simpson La paura fa novanta XXIV
Fox,19:45,I Simpson Homerazzi
Fox,20:10,I Simpson Marge giocatrice
Fox,20:35,I Simpson Un out-out per Bart
Fox,21:00,Modern Family I nuovi arrivati
